product_1,434
product_2,500
product_3,296
product_4,31
product_5,149
product_6,127
product_7,278
product_8,340
product_9,413
product_10,178
product_11,223
product_12,301
product_13,338
product_14,123
product_15,198
product_16,488
product_17,260
product_18,359
product_19,262
product_20,139
product_21,166
product_22,160
product_23,308
product_24,221
product_25,105
product_26,260
product_27,228
product_28,128
product_29,472
product_30,346
product_31,274
product_32,470
product_33,412
product_34,470
product_35,478
product_36,203
product_37,124
product_38,211
product_39,455
product_40,458
product_41,336
product_42,248
product_43,391
product_44,35
product_45,426
product_46,168
product_47,159
product_48,426
product_49,54
product_50,163
product_51,343
product_52,387
product_53,410
product_54,384
product_55,257
product_56,231
product_57,393
product_58,103
product_59,261
product_60,414
product_61,60
product_62,305
product_63,36
product_64,489
product_65,139
product_66,330
product_67,148
product_68,8
product_69,151
product_70,201
product_71,365
product_72,80
product_73,36
product_74,336
product_75,93
product_76,484
product_77,90
product_78,437
product_79,22
product_80,159
product_81,424
product_82,435
product_83,202
product_84,390
product_85,440
product_86,106
product_87,412
product_88,116
product_89,438
product_90,325
product_91,97
product_92,308
product_93,29
product_94,408
product_95,250
product_96,236
product_97,344
product_98,337
product_99,442
product_100,126
product_101,13
product_102,229
product_103,253
product_104,448
product_105,49
product_106,220
product_107,362
product_108,301
product_109,361
product_110,301
product_111,50
product_112,450
product_113,25
product_114,408
product_115,200
product_116,173
product_117,357
product_118,92
product_119,398
product_120,311
product_121,107
product_122,235
product_123,470
product_124,383
product_125,333
product_126,283
product_127,384
product_128,402
product_129,437
product_130,131
product_131,377
product_132,241
product_133,385
product_134,104
product_135,129
product_136,37
product_137,212
product_138,55
product_139,231
product_140,221
product_141,49
product_142,122
product_143,397
product_144,241
product_145,395
product_146,333
product_147,272
product_148,358
product_149,144
product_150,96
product_151,122
product_152,303
product_153,475
product_154,132
product_155,492
product_156,306
product_157,388
product_158,273
product_159,229
product_160,377
product_161,491
product_162,455
product_163,66
product_164,37
product_165,271
product_166,369
product_167,193
product_168,386
product_169,354
product_170,384
product_171,267
product_172,181
product_173,163
product_174,2
product_175,8
product_176,299
product_177,289
product_178,230
product_179,78
product_180,324
product_181,34
product_182,33
product_183,478
product_184,64
product_185,47
product_186,423
product_187,248
product_188,180
product_189,124
product_190,118
product_191,423
product_192,412
product_193,435
product_194,471
product_195,297
product_196,279
product_197,458
product_198,43
product_199,169
product_200,294
product_201,110
product_202,79
product_203,125
product_204,262
product_205,288
product_206,247
product_207,205
product_208,87
product_209,296
product_210,480
product_211,471
product_212,431
product_213,360
product_214,204
product_215,456
product_216,223
product_217,199
product_218,231
product_219,293
product_220,89
product_221,244
product_222,21
product_223,174
product_224,171
product_225,224
product_226,28
product_227,190
product_228,419
product_229,286
product_230,199
product_231,297
product_232,284
product_233,5
product_234,491
product_235,323
product_236,355
product_237,152
product_238,223
product_239,161
product_240,123
product_241,315
product_242,376
product_243,99
product_244,115
product_245,297
product_246,176
product_247,231
product_248,402
product_249,83
product_250,403
product_251,322
product_252,386
product_253,347
product_254,444
product_255,330
product_256,321
product_257,439
product_258,121
product_259,332
product_260,6
product_261,239
product_262,35
product_263,263
product_264,96
product_265,274
product_266,53
product_267,445
product_268,50
product_269,142
product_270,431
product_271,473
product_272,97
product_273,321
product_274,252
product_275,314
product_276,91
product_277,35
product_278,131
product_279,259
product_280,233
product_281,366
product_282,327
product_283,254
product_284,476
product_285,291
product_286,328
product_287,500
product_288,87
product_289,108
product_290,307
product_291,414
product_292,8
product_293,454
product_294,485
product_295,232
product_296,322
product_297,289
product_298,64
product_299,471
product_300,437
product_301,481
product_302,358
product_303,441
product_304,238
product_305,488
product_306,35
product_307,257
product_308,76
product_309,238
product_310,382
product_311,409
product_312,13
product_313,30
product_314,384
product_315,431
product_316,465
product_317,222
product_318,119
product_319,289
product_320,430
product_321,291
product_322,476
product_323,436
product_324,318
product_325,104
product_326,190
product_327,300
product_328,81
product_329,55
product_330,411
product_331,84
product_332,350
product_333,320
product_334,344
product_335,9
product_336,295
product_337,215
product_338,257
product_339,449
product_340,14
product_341,330
product_342,252
product_343,216
product_344,388
product_345,269
product_346,32
product_347,443
product_348,339
product_349,206
product_350,450
product_351,275
product_352,56
product_353,283
product_354,90
product_355,123
product_356,226
product_357,417
product_358,259
product_359,282
product_360,344
product_361,257
product_362,307
product_363,334
product_364,55
product_365,494
product_366,222
product_367,441
product_368,479
product_369,109
product_370,335
product_371,59
product_372,15
product_373,243
product_374,462
product_375,220
product_376,336
product_377,328
product_378,300
product_379,91
product_380,190
product_381,168
product_382,195
product_383,197
product_384,134
product_385,393
product_386,195
product_387,358
product_388,498
product_389,267
product_390,197
product_391,439
product_392,89
product_393,249
product_394,53
product_395,48
product_396,157
product_397,124
product_398,444
product_399,418
product_400,400
product_401,25
product_402,223
product_403,365
product_404,435
product_405,91
product_406,427
product_407,1
product_408,462
product_409,195
product_410,413
product_411,265
product_412,436
product_413,28
product_414,291
product_415,472
product_416,389
product_417,444
product_418,225
product_419,448
product_420,368
product_421,478
product_422,416
product_423,450
product_424,186
product_425,316
product_426,12
product_427,430
product_428,168
product_429,4
product_430,58
product_431,492
product_432,498
product_433,366
product_434,377
product_435,407
product_436,355
product_437,12
product_438,193
product_439,89
product_440,89
product_441,262
product_442,383
product_443,465
product_444,90
product_445,16
product_446,378
product_447,478
product_448,76
product_449,264
product_450,292
product_451,15
product_452,65
product_453,397
product_454,147
product_455,9
product_456,179
product_457,140
product_458,208
product_459,325
product_460,389
product_461,139
product_462,463
product_463,187
product_464,157
product_465,75
product_466,245
product_467,130
product_468,297
product_469,204
product_470,223
product_471,219
product_472,463
product_473,456
product_474,441
product_475,331
product_476,393
product_477,380
product_478,183
product_479,126
product_480,492
product_481,304
product_482,100
product_483,94
product_484,174
product_485,146
product_486,432
product_487,477
product_488,326
product_489,64
product_490,291
product_491,412
product_492,220
product_493,77
product_494,55
product_495,75
product_496,333
product_497,339
product_498,382
product_499,396
product_500,74
product_501,269
product_502,339
product_503,347
product_504,94
product_505,183
product_506,484
product_507,256
product_508,317
product_509,500
product_510,284
product_511,371
product_512,146
product_513,485
product_514,103
product_515,415
product_516,483
product_517,153
product_518,90
product_519,294
product_520,69
product_521,267
product_522,401
product_523,446
product_524,231
product_525,195
product_526,317
product_527,310
product_528,13
product_529,211
product_530,470
product_531,56
product_532,414
product_533,21
product_534,98
product_535,458
product_536,439
product_537,161
product_538,160
product_539,13
product_540,292
product_541,372
product_542,255
product_543,56
product_544,338
product_545,499
product_546,143
product_547,285
product_548,302
product_549,402
product_550,153
product_551,127
product_552,187
product_553,495
product_554,454
product_555,390
product_556,37
product_557,486
product_558,94
product_559,253
product_560,393
product_561,294
product_562,454
product_563,12
product_564,312
product_565,462
product_566,69
product_567,316
product_568,350
product_569,129
product_570,65
product_571,411
product_572,496
product_573,463
product_574,431
product_575,497
product_576,343
product_577,261
product_578,108
product_579,481
product_580,23
product_581,193
product_582,340
product_583,414
product_584,288
product_585,11
product_586,131
product_587,90
product_588,9
product_589,65
product_590,158
product_591,114
product_592,400
product_593,479
product_594,289
product_595,62
product_596,456
product_597,287
product_598,352
product_599,3
product_600,488
product_601,483
product_602,55
product_603,460
product_604,376
product_605,154
product_606,38
product_607,151
product_608,176
product_609,373
product_610,49
product_611,73
product_612,216
product_613,33
product_614,63
product_615,327
product_616,470
product_617,339
product_618,15
product_619,374
product_620,74
product_621,276
product_622,460
product_623,401
product_624,147
product_625,30
product_626,0
product_627,433
product_628,178
product_629,380
product_630,66
product_631,82
product_632,195
product_633,153
product_634,260
product_635,339
product_636,148
product_637,407
product_638,354
product_639,472
product_640,48
product_641,348
product_642,159
product_643,434
product_644,13
product_645,29
product_646,12
product_647,195
product_648,74
product_649,377
product_650,9
product_651,319
product_652,472
product_653,25
product_654,398
product_655,401
product_656,418
product_657,465
product_658,163
product_659,185
product_660,454
product_661,138
product_662,374
product_663,237
product_664,425
product_665,258
product_666,243
product_667,43
product_668,47
product_669,357
product_670,169
product_671,34
product_672,490
product_673,361
product_674,107
product_675,191
product_676,440
product_677,192
product_678,396
product_679,381
product_680,195
product_681,85
product_682,53
product_683,3
product_684,271
product_685,147
product_686,274
product_687,209
product_688,327
product_689,445
product_690,247
product_691,292
product_692,15
product_693,438
product_694,385
product_695,4
product_696,103
product_697,130
product_698,488
product_699,188
product_700,419
product_701,298
product_702,499
product_703,354
product_704,53
product_705,381
product_706,278
product_707,130
product_708,207
product_709,355
product_710,242
product_711,312
product_712,381
product_713,30
product_714,462
product_715,387
product_716,40
product_717,282
product_718,321
product_719,277
product_720,472
product_721,230
product_722,140
product_723,385
product_724,387
product_725,314
product_726,153
product_727,432
product_728,276
product_729,457
product_730,260
product_731,365
product_732,247
product_733,242
product_734,319
product_735,404
product_736,104
product_737,107
product_738,121
product_739,496
product_740,146
product_741,299
product_742,328
product_743,462
product_744,159
product_745,176
product_746,101
product_747,325
product_748,366
product_749,224
product_750,453
product_751,143
product_752,42
product_753,256
product_754,403
product_755,89
product_756,460
product_757,315
product_758,125
product_759,206
product_760,163
product_761,245
product_762,206
product_763,265
product_764,405
product_765,489
product_766,8
product_767,324
product_768,157
product_769,149
product_770,466
product_771,36
product_772,335
product_773,366
product_774,204
product_775,380
product_776,38
product_777,188
product_778,390
product_779,458
product_780,289
product_781,26
product_782,203
product_783,23
product_784,160
product_785,258
product_786,409
product_787,443
product_788,180
product_789,245
product_790,328
product_791,255
product_792,145
product_793,93
product_794,155
product_795,399
product_796,492
product_797,432
product_798,163
product_799,199
product_800,295
product_801,471
product_802,207
product_803,94
product_804,484
product_805,241
product_806,231
product_807,343
product_808,368
product_809,200
product_810,83
product_811,129
product_812,398
product_813,22
product_814,15
product_815,355
product_816,432
product_817,206
product_818,318
product_819,239
product_820,443
product_821,322
product_822,354
product_823,133
product_824,42
product_825,188
product_826,366
product_827,45
product_828,475
product_829,115
product_830,261
product_831,480
product_832,193
product_833,349
product_834,84
product_835,130
product_836,121
product_837,14
product_838,36
product_839,37
product_840,94
product_841,114
product_842,345
product_843,394
product_844,31
product_845,39
product_846,92
product_847,334
product_848,371
product_849,405
product_850,419
product_851,89
product_852,210
product_853,426
product_854,268
product_855,30
product_856,344
product_857,185
product_858,55
product_859,150
product_860,186
product_861,331
product_862,227
product_863,245
product_864,98
product_865,417
product_866,133
product_867,384
product_868,377
product_869,238
product_870,113
product_871,301
product_872,279
product_873,21
product_874,103
product_875,152
product_876,371
product_877,498
product_878,208
product_879,106
product_880,295
product_881,129
product_882,164
product_883,182
product_884,220
product_885,367
product_886,146
product_887,491
product_888,491
product_889,328
product_890,258
product_891,224
product_892,433
product_893,444
product_894,274
product_895,305
product_896,307
product_897,499
product_898,46
product_899,88
product_900,479
product_901,450
product_902,499
product_903,347
product_904,482
product_905,451
product_906,105
product_907,168
product_908,11
product_909,33
product_910,371
product_911,409
product_912,335
product_913,174
product_914,275
product_915,162
product_916,396
product_917,383
product_918,389
product_919,265
product_920,455
product_921,379
product_922,128
product_923,313
product_924,286
product_925,257
product_926,48
product_927,82
product_928,18
product_929,290
product_930,171
product_931,74
product_932,323
product_933,448
product_934,217
product_935,274
product_936,480
product_937,476
product_938,189
product_939,500
product_940,169
product_941,190
product_942,330
product_943,349
product_944,201
product_945,364
product_946,104
product_947,448
product_948,471
product_949,399
product_950,318
product_951,337
product_952,53
product_953,436
product_954,481
product_955,170
product_956,455
product_957,118
product_958,447
product_959,255
product_960,58
product_961,28
product_962,8
product_963,246
product_964,317
product_965,481
product_966,44
product_967,242
product_968,105
product_969,277
product_970,407
product_971,262
product_972,105
product_973,10
product_974,133
product_975,192
product_976,47
product_977,149
product_978,433
product_979,402
product_980,308
product_981,172
product_982,340
product_983,93
product_984,70
product_985,113
product_986,205
product_987,356
product_988,374
product_989,280
product_990,118
product_991,334
product_992,440
product_993,254
product_994,258
product_995,333
product_996,19
product_997,256
product_998,132
product_999,85
product_1000,127
product_1001,91
product_1002,490
product_1003,469
product_1004,133
product_1005,403
product_1006,189
product_1007,212
product_1008,409
product_1009,460
product_1010,159
product_1011,131
product_1012,435
product_1013,310
product_1014,149
product_1015,116
product_1016,360
product_1017,22
product_1018,94
product_1019,494
product_1020,241
product_1021,223
product_1022,439
product_1023,57
product_1024,287
product_1025,129
product_1026,69
product_1027,425
product_1028,110
product_1029,113
product_1030,429
product_1031,470
product_1032,195
product_1033,270
product_1034,392
product_1035,5
product_1036,467
product_1037,224
product_1038,152
product_1039,386
product_1040,437
product_1041,500
product_1042,497
product_1043,167
product_1044,39
product_1045,215
product_1046,404
product_1047,28
product_1048,392
product_1049,108
product_1050,119
product_1051,469
product_1052,255
product_1053,76
product_1054,210
product_1055,460
product_1056,135
product_1057,163
product_1058,112
product_1059,84
product_1060,290
product_1061,419
product_1062,157
product_1063,70
product_1064,464
product_1065,423
product_1066,207
product_1067,180
product_1068,180
product_1069,255
product_1070,145
product_1071,78
product_1072,375
product_1073,122
product_1074,39
product_1075,356
product_1076,251
product_1077,83
product_1078,287
product_1079,487
product_1080,479
product_1081,429
product_1082,32
product_1083,288
product_1084,48
product_1085,268
product_1086,77
product_1087,375
product_1088,166
product_1089,93
product_1090,246
product_1091,193
product_1092,132
product_1093,322
product_1094,495
product_1095,486
product_1096,62
product_1097,217
product_1098,114
product_1099,99
product_1100,65
product_1101,67
product_1102,395
product_1103,70
product_1104,244
product_1105,113
product_1106,147
product_1107,358
product_1108,107
product_1109,227
product_1110,34
product_1111,265
product_1112,389
product_1113,469
product_1114,130
product_1115,492
product_1116,390
product_1117,457
product_1118,354
product_1119,70
product_1120,45
product_1121,485
product_1122,380
product_1123,364
product_1124,153
product_1125,397
product_1126,22
product_1127,455
product_1128,11
product_1129,295
product_1130,324
product_1131,489
product_1132,402
product_1133,15
product_1134,477
product_1135,59
product_1136,440
product_1137,390
product_1138,212
product_1139,286
product_1140,75
product_1141,468
product_1142,205
product_1143,326
product_1144,78
product_1145,132
product_1146,160
product_1147,490
product_1148,426
product_1149,436
product_1150,400
product_1151,420
product_1152,136
product_1153,16
product_1154,262
product_1155,468
product_1156,239
product_1157,221
product_1158,457
product_1159,445
product_1160,149
product_1161,61
product_1162,498
product_1163,311
product_1164,449
product_1165,499
product_1166,325
product_1167,56
product_1168,291
product_1169,7
product_1170,6
product_1171,296
product_1172,197
product_1173,228
product_1174,318
product_1175,294
product_1176,90
product_1177,297
product_1178,174
product_1179,218
product_1180,64
product_1181,184
product_1182,227
product_1183,295
product_1184,113
product_1185,432
product_1186,464
product_1187,37
product_1188,146
product_1189,390
product_1190,397
product_1191,352
product_1192,4
product_1193,53
product_1194,445
product_1195,117
product_1196,49
product_1197,197
product_1198,485
product_1199,407
product_1200,326
product_1201,114
product_1202,33
product_1203,217
product_1204,455
product_1205,10
product_1206,410
product_1207,360
product_1208,159
product_1209,132
product_1210,318
product_1211,69
product_1212,29
product_1213,337
product_1214,127
product_1215,78
product_1216,402
product_1217,221
product_1218,459
product_1219,318
product_1220,456
product_1221,420
product_1222,125
product_1223,181
product_1224,27
product_1225,285
product_1226,467
product_1227,469
product_1228,417
product_1229,325
product_1230,409
product_1231,151
product_1232,201
product_1233,440
product_1234,215
product_1235,154
product_1236,114
product_1237,293
product_1238,242
product_1239,307
product_1240,433
product_1241,332
product_1242,79
product_1243,67
product_1244,129
product_1245,130
product_1246,436
product_1247,479
product_1248,191
product_1249,439
product_1250,364
product_1251,139
product_1252,410
product_1253,490
product_1254,191
product_1255,317
product_1256,464
product_1257,403
product_1258,493
product_1259,186
product_1260,464
product_1261,422
product_1262,224
product_1263,111
product_1264,272
product_1265,305
product_1266,319
product_1267,454
product_1268,407
product_1269,7
product_1270,458
product_1271,317
product_1272,194
product_1273,487
product_1274,168
product_1275,19
product_1276,228
product_1277,372
product_1278,311
product_1279,151
product_1280,84
product_1281,193
product_1282,231
product_1283,491
product_1284,207
product_1285,179
product_1286,201
product_1287,432
product_1288,108
product_1289,366
product_1290,102
product_1291,42
product_1292,282
product_1293,475
product_1294,400
product_1295,229
product_1296,136
product_1297,406
product_1298,485
product_1299,79
product_1300,405
product_1301,248
product_1302,481
product_1303,379
product_1304,119
product_1305,109
product_1306,233
product_1307,310
product_1308,1
product_1309,77
product_1310,310
product_1311,407
product_1312,155
product_1313,311
product_1314,104
product_1315,95
product_1316,454
product_1317,131
product_1318,169
product_1319,55
product_1320,333
product_1321,439
product_1322,189
product_1323,134
product_1324,134
product_1325,384
product_1326,285
product_1327,153
product_1328,308
product_1329,154
product_1330,156
product_1331,325
product_1332,33
product_1333,257
product_1334,330
product_1335,394
product_1336,198
product_1337,238
product_1338,474
product_1339,120
product_1340,139
product_1341,361
product_1342,447
product_1343,52
product_1344,90
product_1345,29
product_1346,92
product_1347,373
product_1348,90
product_1349,381
product_1350,64
product_1351,243
product_1352,454
product_1353,344
product_1354,96
product_1355,59
product_1356,62
product_1357,92
product_1358,489
product_1359,373
product_1360,454
product_1361,202
product_1362,259
product_1363,97
product_1364,222
product_1365,311
product_1366,100
product_1367,302
product_1368,247
product_1369,342
product_1370,151
product_1371,359
product_1372,122
product_1373,211
product_1374,126
product_1375,84
product_1376,423
product_1377,216
product_1378,270
product_1379,286
product_1380,111
product_1381,220
product_1382,371
product_1383,130
product_1384,395
product_1385,70
product_1386,127
product_1387,234
product_1388,415
product_1389,19
product_1390,329
product_1391,274
product_1392,495
product_1393,23
product_1394,341
product_1395,109
product_1396,337
product_1397,440
product_1398,100
product_1399,440
product_1400,113
product_1401,455
product_1402,483
product_1403,336
product_1404,280
product_1405,444
product_1406,380
product_1407,471
product_1408,37
product_1409,395
product_1410,494
product_1411,104
product_1412,257
product_1413,364
product_1414,231
product_1415,220
product_1416,295
product_1417,143
product_1418,434
product_1419,137
product_1420,383
product_1421,411
product_1422,475
product_1423,390
product_1424,214
product_1425,450
product_1426,167
product_1427,485
product_1428,99
product_1429,3
product_1430,226
product_1431,131
product_1432,425
product_1433,258
product_1434,326
product_1435,475
product_1436,328
product_1437,105
product_1438,218
product_1439,174
product_1440,380
product_1441,167
product_1442,161
product_1443,149
product_1444,433
product_1445,448
product_1446,385
product_1447,57
product_1448,311
product_1449,60
product_1450,379
product_1451,287
product_1452,287
product_1453,444
product_1454,418
product_1455,298
product_1456,141
product_1457,335
product_1458,149
product_1459,119
product_1460,112
product_1461,453
product_1462,422
product_1463,89
product_1464,212
product_1465,44
product_1466,459
product_1467,415
product_1468,377
product_1469,391
product_1470,447
product_1471,89
product_1472,303
product_1473,443
product_1474,158
product_1475,1
product_1476,291
product_1477,163
product_1478,232
product_1479,21
product_1480,79
product_1481,342
product_1482,473
product_1483,48
product_1484,24
product_1485,487
product_1486,84
product_1487,150
product_1488,477
product_1489,418
product_1490,33
product_1491,213
product_1492,458
product_1493,6
product_1494,296
product_1495,209
product_1496,380
product_1497,201
product_1498,332
product_1499,342
product_1500,200
product_1501,408
product_1502,14
product_1503,171
product_1504,355
product_1505,218
product_1506,133
product_1507,71
product_1508,478
product_1509,492
product_1510,206
product_1511,183
product_1512,135
product_1513,40
product_1514,156
product_1515,37
product_1516,331
product_1517,11
product_1518,71
product_1519,76
product_1520,280
product_1521,302
product_1522,50
product_1523,499
product_1524,342
product_1525,68
product_1526,388
product_1527,82
product_1528,95
product_1529,481
product_1530,85
product_1531,34
product_1532,337
product_1533,413
product_1534,175
product_1535,336
product_1536,459
product_1537,353
product_1538,368
product_1539,333
product_1540,86
product_1541,157
product_1542,76
product_1543,500
product_1544,101
product_1545,186
product_1546,5
product_1547,161
product_1548,61
product_1549,165
product_1550,277
product_1551,490
product_1552,307
product_1553,69
product_1554,63
product_1555,97
product_1556,50
product_1557,263
product_1558,316
product_1559,114
product_1560,92
product_1561,315
product_1562,63
product_1563,262
product_1564,360
product_1565,430
product_1566,288
product_1567,331
product_1568,34
product_1569,52
product_1570,399
product_1571,394
product_1572,393
product_1573,316
product_1574,194
product_1575,295
product_1576,45
product_1577,163
product_1578,408
product_1579,120
product_1580,303
product_1581,218
product_1582,387
product_1583,467
product_1584,444
product_1585,25
product_1586,405
product_1587,224
product_1588,375
product_1589,17
product_1590,126
product_1591,412
product_1592,303
product_1593,265
product_1594,30
product_1595,73
product_1596,25
product_1597,252
product_1598,449
product_1599,3
product_1600,102
product_1601,258
product_1602,444
product_1603,128
product_1604,480
product_1605,482
product_1606,296
product_1607,225
product_1608,136
product_1609,118
product_1610,498
product_1611,99
product_1612,428
product_1613,123
product_1614,332
product_1615,445
product_1616,207
product_1617,243
product_1618,255
product_1619,305
product_1620,397
product_1621,459
product_1622,75
product_1623,158
product_1624,25
product_1625,47
product_1626,385
product_1627,228
product_1628,49
product_1629,164
product_1630,288
product_1631,56
product_1632,484
product_1633,410
product_1634,75
product_1635,186
product_1636,272
product_1637,69
product_1638,107
product_1639,135
product_1640,213
product_1641,162
product_1642,394
product_1643,63
product_1644,265
product_1645,347
product_1646,92
product_1647,477
product_1648,381
product_1649,47
product_1650,52
product_1651,31
product_1652,267
product_1653,134
product_1654,68
product_1655,323
product_1656,205
product_1657,58
product_1658,187
product_1659,143
product_1660,17
product_1661,192
product_1662,430
product_1663,260
product_1664,298
product_1665,305
product_1666,195
product_1667,328
product_1668,441
product_1669,325
product_1670,246
product_1671,237
product_1672,45
product_1673,3
product_1674,111
product_1675,87
product_1676,10
product_1677,198
product_1678,316
product_1679,96
product_1680,207
product_1681,182
product_1682,368
product_1683,186
product_1684,414
product_1685,38
product_1686,263
product_1687,9
product_1688,370
product_1689,109
product_1690,199
product_1691,445
product_1692,14
product_1693,338
product_1694,160
product_1695,141
product_1696,415
product_1697,136
product_1698,165
product_1699,489
product_1700,13
product_1701,71
product_1702,427
product_1703,424
product_1704,414
product_1705,39
product_1706,487
product_1707,483
product_1708,393
product_1709,386
product_1710,411
product_1711,320
product_1712,211
product_1713,361
product_1714,247
product_1715,191
product_1716,313
product_1717,39
product_1718,372
product_1719,401
product_1720,385
product_1721,7
product_1722,488
product_1723,225
product_1724,473
product_1725,69
product_1726,178
product_1727,313
product_1728,288
product_1729,473
product_1730,263
product_1731,21
product_1732,409
product_1733,170
product_1734,70
product_1735,442
product_1736,176
product_1737,81
product_1738,401
product_1739,221
product_1740,356
product_1741,258
product_1742,463
product_1743,321
product_1744,493
product_1745,120
product_1746,375
product_1747,99
product_1748,266
product_1749,354
product_1750,38
product_1751,463
product_1752,70
product_1753,462
product_1754,34
product_1755,325
product_1756,172
product_1757,218
product_1758,23
product_1759,152
product_1760,0
product_1761,266
product_1762,455
product_1763,101
product_1764,468
product_1765,173
product_1766,484
product_1767,299
product_1768,165
product_1769,476
product_1770,428
product_1771,295
product_1772,278
product_1773,187
product_1774,122
product_1775,198
product_1776,337
product_1777,215
product_1778,70
product_1779,218
product_1780,437
product_1781,134
product_1782,95
product_1783,376
product_1784,343
product_1785,480
product_1786,437
product_1787,333
product_1788,195
product_1789,381
product_1790,65
product_1791,362
product_1792,479
product_1793,155
product_1794,348
product_1795,216
product_1796,283
product_1797,169
product_1798,57
product_1799,21
product_1800,239
product_1801,442
product_1802,248
product_1803,113
product_1804,349
product_1805,10
product_1806,115
product_1807,429
product_1808,28
product_1809,104
product_1810,323
product_1811,282
product_1812,406
product_1813,448
product_1814,326
product_1815,381
product_1816,357
product_1817,174
product_1818,107
product_1819,283
product_1820,256
product_1821,325
product_1822,258
product_1823,283
product_1824,64
product_1825,438
product_1826,264
product_1827,432
product_1828,324
product_1829,446
product_1830,403
product_1831,281
product_1832,266
product_1833,452
product_1834,424
product_1835,314
product_1836,82
product_1837,389
product_1838,451
product_1839,165
product_1840,47
product_1841,120
product_1842,51
product_1843,479
product_1844,404
product_1845,393
product_1846,446
product_1847,20
product_1848,195
product_1849,176
product_1850,9
product_1851,3
product_1852,217
product_1853,141
product_1854,332
product_1855,382
product_1856,432
product_1857,462
product_1858,327
product_1859,399
product_1860,25
product_1861,493
product_1862,306
product_1863,64
product_1864,355
product_1865,126
product_1866,371
product_1867,201
product_1868,171
product_1869,192
product_1870,408
product_1871,101
product_1872,232
product_1873,457
product_1874,59
product_1875,221
product_1876,45
product_1877,432
product_1878,115
product_1879,340
product_1880,32
product_1881,331
product_1882,276
product_1883,486
product_1884,138
product_1885,392
product_1886,106
product_1887,54
product_1888,384
product_1889,384
product_1890,81
product_1891,175
product_1892,140
product_1893,476
product_1894,0
product_1895,298
product_1896,106
product_1897,30
product_1898,32
product_1899,345
product_1900,388
product_1901,303
product_1902,84
product_1903,322
product_1904,77
product_1905,468
product_1906,35
product_1907,225
product_1908,412
product_1909,141
product_1910,448
product_1911,53
product_1912,367
product_1913,46
product_1914,142
product_1915,206
product_1916,355
product_1917,353
product_1918,133
product_1919,295
product_1920,152
product_1921,242
product_1922,209
product_1923,277
product_1924,284
product_1925,33
product_1926,170
product_1927,82
product_1928,456
product_1929,391
product_1930,149
product_1931,497
product_1932,85
product_1933,352
product_1934,365
product_1935,216
product_1936,99
product_1937,319
product_1938,5
product_1939,345
product_1940,332
product_1941,388
product_1942,121
product_1943,304
product_1944,436
product_1945,147
product_1946,280
product_1947,67
product_1948,165
product_1949,261
product_1950,409
product_1951,382
product_1952,403
product_1953,403
product_1954,143
product_1955,474
product_1956,209
product_1957,131
product_1958,207
product_1959,172
product_1960,306
product_1961,113
product_1962,257
product_1963,474
product_1964,49
product_1965,455
product_1966,434
product_1967,116
product_1968,231
product_1969,269
product_1970,263
product_1971,164
product_1972,125
product_1973,42
product_1974,388
product_1975,421
product_1976,357
product_1977,174
product_1978,130
product_1979,126
product_1980,187
product_1981,3
product_1982,427
product_1983,165
product_1984,290
product_1985,100
product_1986,301
product_1987,325
product_1988,153
product_1989,388
product_1990,216
product_1991,459
product_1992,466
product_1993,22
product_1994,318
product_1995,17
product_1996,66
product_1997,79
product_1998,439
product_1999,395
product_2000,51
